region,total_regional_sales,avg_daily_sales,days_with_sales,performance_label
East,97680.29000000001,322.37719471947196,213,0
North,118798.8,363.29908256880736,226,1
South,104648.89,357.1634470989761,204,0
West,105493.07,339.2060128617364,209,1
